{ "_id" : { "$oid" : "59bcfbefa8167c061ca3ce15" }, "EMPLOYEE_ID" : 100, "FIRST_NAME" : "Steven" }
{ "_id" : { "$oid" : "59bcfbefa8167c061ca3ce16" }, "EMPLOYEE_ID" : 101, "FIRST_NAME" : "Neena" }
{ "EMPLOYEE_ID" : 103, "FIRST_NAME" : "Alexander", "_id" : { "$oid" : "59bcfbefa8167c061ca3ce18" } }
{ "_id" : { "$oid" : "59bcfbefa8167c061ca3ce19" }, "EMPLOYEE_ID" : 104, "FIRST_NAME" : "Bruce" }
{ "_id" : { "$oid" : "59bcfbefa8167c061ca3ce1a" }, "EMPLOYEE_ID" : 105, "FIRST_NAME" : "David" }
{ "_id" : { "$oid" : "59bcfbefa8167c061ca3ce1b" }, "EMPLOYEE_ID" : 106, "FIRST_NAME" : "Valli" }
{ "_id" : { "$oid" : "59bcfbefa8167c061ca3ce1c" }, "EMPLOYEE_ID" : 107, "FIRST_NAME" : "Diana" }
{ "_id" : { "$oid" : "59bcfbefa8167c061ca3ce1d" }, "EMPLOYEE_ID" : 108, "FIRST_NAME" : "Nancy" }
{ "_id" : { "$oid" : "59bcfbefa8167c061ca3ce1e" }, "EMPLOYEE_ID" : 109, "FIRST_NAME" : "Daniel" }
{ "_id" : { "$oid" : "59bcfbefa8167c061ca3ce1f" }, "EMPLOYEE_ID" : 110, "FIRST_NAME" : "John" }
{ "_id" : { "$oid" : "59bcfbefa8167c061ca3ce20" }, "EMPLOYEE_ID" : 111, "FIRST_NAME" : "Ismael" }
{ "_id" : { "$oid" : "59bcfbefa8167c061ca3ce21" }, "EMPLOYEE_ID" : 112, "FIRST_NAME" : "Jose Manuel" }
{ "_id" : { "$oid" : "59bcfbefa8167c061ca3ce22" }, "EMPLOYEE_ID" : 113, "FIRST_NAME" : "Luis" }
{ "_id" : { "$oid" : "59bcfbefa8167c061ca3ce23" }, "EMPLOYEE_ID" : 114, "FIRST_NAME" : "Den" }
{ "_id" : { "$oid" : "59bcfbefa8167c061ca3ce24" }, "EMPLOYEE_ID" : 115, "FIRST_NAME" : "Alexander" }
{ "_id" : { "$oid" : "59bcfbefa8167c061ca3ce25" }, "EMPLOYEE_ID" : 116, "FIRST_NAME" : "Shelli" }
{ "_id" : { "$oid" : "59bcfbefa8167c061ca3ce26" }, "EMPLOYEE_ID" : 117, "FIRST_NAME" : "Sigal" }
{ "_id" : { "$oid" : "59bcfbefa8167c061ca3ce27" }, "EMPLOYEE_ID" : 118, "FIRST_NAME" : "Guy" }
{ "_id" : { "$oid" : "59bcfbefa8167c061ca3ce28" }, "EMPLOYEE_ID" : 119, "FIRST_NAME" : "Karen" }
{ "_id" : { "$oid" : "59bcfbefa8167c061ca3ce29" }, "EMPLOYEE_ID" : 120, "FIRST_NAME" : "Matthew" }
{ "_id" : { "$oid" : "59bcfbefa8167c061ca3ce2a" }, "EMPLOYEE_ID" : 121, "FIRST_NAME" : "Adam" }
{ "_id" : { "$oid" : "59bcfbefa8167c061ca3ce2b" }, "EMPLOYEE_ID" : 122, "FIRST_NAME" : "Payam" }
{ "_id" : { "$oid" : "59bcfbefa8167c061ca3ce2c" }, "EMPLOYEE_ID" : 123, "FIRST_NAME" : "Shanta" }
{ "_id" : { "$oid" : "59bcfbefa8167c061ca3ce2d" }, "EMPLOYEE_ID" : 124, "FIRST_NAME" : "Kevin" }
{ "_id" : { "$oid" : "59bcfbefa8167c061ca3ce2e" }, "EMPLOYEE_ID" : 125, "FIRST_NAME" : "Julia" }
{ "_id" : { "$oid" : "59bcfbefa8167c061ca3ce2f" }, "EMPLOYEE_ID" : 126, "FIRST_NAME" : "Irene" }
{ "_id" : { "$oid" : "59bcfbefa8167c061ca3ce30" }, "EMPLOYEE_ID" : 127, "FIRST_NAME" : "James" }
{ "_id" : { "$oid" : "59bcfbefa8167c061ca3ce31" }, "EMPLOYEE_ID" : 128, "FIRST_NAME" : "Steven" }
{ "_id" : { "$oid" : "59bcfbefa8167c061ca3ce32" }, "EMPLOYEE_ID" : 129, "FIRST_NAME" : "Laura" }
{ "_id" : { "$oid" : "59bcfbefa8167c061ca3ce33" }, "EMPLOYEE_ID" : 130, "FIRST_NAME" : "Mozhe" }
{ "_id" : { "$oid" : "59bcfbefa8167c061ca3ce34" }, "EMPLOYEE_ID" : 131, "FIRST_NAME" : "James" }
{ "_id" : { "$oid" : "59bcfbefa8167c061ca3ce35" }, "EMPLOYEE_ID" : 132, "FIRST_NAME" : "TJ" }
{ "_id" : { "$oid" : "59bcfbefa8167c061ca3ce36" }, "EMPLOYEE_ID" : 133, "FIRST_NAME" : "Jason" }
{ "_id" : { "$oid" : "59bcfbefa8167c061ca3ce37" }, "EMPLOYEE_ID" : 134, "FIRST_NAME" : "Michael" }
{ "_id" : { "$oid" : "59bcfbefa8167c061ca3ce38" }, "EMPLOYEE_ID" : 135, "FIRST_NAME" : "Ki" }
{ "_id" : { "$oid" : "59bcfbefa8167c061ca3ce39" }, "EMPLOYEE_ID" : 136, "FIRST_NAME" : "Hazel" }
{ "_id" : { "$oid" : "59bcfbefa8167c061ca3ce3a" }, "EMPLOYEE_ID" : 137, "FIRST_NAME" : "Renske" }
{ "_id" : { "$oid" : "59bcfbefa8167c061ca3ce3b" }, "EMPLOYEE_ID" : 138, "FIRST_NAME" : "Stephen" }
{ "_id" : { "$oid" : "59bcfbefa8167c061ca3ce3c" }, "EMPLOYEE_ID" : 139, "FIRST_NAME" : "John" }
{ "_id" : { "$oid" : "59bcfbefa8167c061ca3ce3d" }, "EMPLOYEE_ID" : 140, "FIRST_NAME" : "Joshua" }
{ "_id" : { "$oid" : "59bcfbefa8167c061ca3ce3e" }, "EMPLOYEE_ID" : 141, "FIRST_NAME" : "Trenna" }
{ "_id" : { "$oid" : "59bcfbefa8167c061ca3ce3f" }, "EMPLOYEE_ID" : 142, "FIRST_NAME" : "Curtis" }
{ "_id" : { "$oid" : "59bcfbefa8167c061ca3ce40" }, "EMPLOYEE_ID" : 143, "FIRST_NAME" : "Randall" }
{ "_id" : { "$oid" : "59bcfbefa8167c061ca3ce41" }, "EMPLOYEE_ID" : 144, "FIRST_NAME" : "Peter" }
{ "_id" : { "$oid" : "59bcfbefa8167c061ca3ce42" }, "EMPLOYEE_ID" : 145, "FIRST_NAME" : "John" }
{ "_id" : { "$oid" : "59bcfbefa8167c061ca3ce43" }, "EMPLOYEE_ID" : 146, "FIRST_NAME" : "Karen" }
{ "_id" : { "$oid" : "59bcfbefa8167c061ca3ce44" }, "EMPLOYEE_ID" : 147, "FIRST_NAME" : "Alberto" }
{ "_id" : { "$oid" : "59bcfbefa8167c061ca3ce45" }, "EMPLOYEE_ID" : 148, "FIRST_NAME" : "Gerald" }
{ "_id" : { "$oid" : "59bcfbefa8167c061ca3ce46" }, "EMPLOYEE_ID" : 149, "FIRST_NAME" : "Eleni" }
{ "_id" : { "$oid" : "59bcfbefa8167c061ca3ce47" }, "EMPLOYEE_ID" : 150, "FIRST_NAME" : "Peter" }
{ "_id" : { "$oid" : "59bcfbefa8167c061ca3ce48" }, "EMPLOYEE_ID" : 151, "FIRST_NAME" : "David" }
{ "_id" : { "$oid" : "59bcfbefa8167c061ca3ce49" }, "EMPLOYEE_ID" : 152, "FIRST_NAME" : "Peter" }
{ "_id" : { "$oid" : "59bcfbefa8167c061ca3ce4a" }, "EMPLOYEE_ID" : 153, "FIRST_NAME" : "Christopher" }
{ "_id" : { "$oid" : "59bcfbefa8167c061ca3ce4b" }, "EMPLOYEE_ID" : 154, "FIRST_NAME" : "Nanette" }
{ "_id" : { "$oid" : "59bcfbefa8167c061ca3ce4c" }, "EMPLOYEE_ID" : 155, "FIRST_NAME" : "Oliver" }
{ "_id" : { "$oid" : "59bcfbefa8167c061ca3ce4d" }, "EMPLOYEE_ID" : 156, "FIRST_NAME" : "Janette" }
{ "_id" : { "$oid" : "59bcfbefa8167c061ca3ce4e" }, "EMPLOYEE_ID" : 157, "FIRST_NAME" : "Patrick" }
{ "_id" : { "$oid" : "59bcfbefa8167c061ca3ce4f" }, "EMPLOYEE_ID" : 158, "FIRST_NAME" : "Allan" }
{ "_id" : { "$oid" : "59bcfbefa8167c061ca3ce50" }, "EMPLOYEE_ID" : 159, "FIRST_NAME" : "Lindsey" }
{ "_id" : { "$oid" : "59bcfbefa8167c061ca3ce51" }, "EMPLOYEE_ID" : 160, "FIRST_NAME" : "Louise" }
{ "_id" : { "$oid" : "59bcfbefa8167c061ca3ce52" }, "EMPLOYEE_ID" : 161, "FIRST_NAME" : "Sarath" }
{ "_id" : { "$oid" : "59bcfbefa8167c061ca3ce53" }, "EMPLOYEE_ID" : 162, "FIRST_NAME" : "Clara" }
{ "_id" : { "$oid" : "59bcfbefa8167c061ca3ce54" }, "EMPLOYEE_ID" : 163, "FIRST_NAME" : "Danielle" }
{ "_id" : { "$oid" : "59bcfbefa8167c061ca3ce55" }, "EMPLOYEE_ID" : 164, "FIRST_NAME" : "Mattea" }
{ "_id" : { "$oid" : "59bcfbefa8167c061ca3ce56" }, "EMPLOYEE_ID" : 165, "FIRST_NAME" : "David" }
{ "_id" : { "$oid" : "59bcfbefa8167c061ca3ce57" }, "EMPLOYEE_ID" : 166, "FIRST_NAME" : "Sundar" }
{ "_id" : { "$oid" : "59bcfbefa8167c061ca3ce58" }, "EMPLOYEE_ID" : 167, "FIRST_NAME" : "Amit" }
{ "_id" : { "$oid" : "59bcfbefa8167c061ca3ce59" }, "EMPLOYEE_ID" : 168, "FIRST_NAME" : "Lisa" }
{ "_id" : { "$oid" : "59bcfbefa8167c061ca3ce5a" }, "EMPLOYEE_ID" : 169, "FIRST_NAME" : "Harrison" }
{ "_id" : { "$oid" : "59bcfbefa8167c061ca3ce5b" }, "EMPLOYEE_ID" : 170, "FIRST_NAME" : "Tayler" }
{ "_id" : { "$oid" : "59bcfbefa8167c061ca3ce5c" }, "EMPLOYEE_ID" : 171, "FIRST_NAME" : "William" }
{ "_id" : { "$oid" : "59bcfbefa8167c061ca3ce5d" }, "EMPLOYEE_ID" : 172, "FIRST_NAME" : "Elizabeth" }
{ "_id" : { "$oid" : "59bcfbefa8167c061ca3ce5e" }, "EMPLOYEE_ID" : 173, "FIRST_NAME" : "Sundita" }
{ "_id" : { "$oid" : "59bcfbefa8167c061ca3ce5f" }, "EMPLOYEE_ID" : 174, "FIRST_NAME" : "Ellen" }
{ "_id" : { "$oid" : "59bcfbefa8167c061ca3ce60" }, "EMPLOYEE_ID" : 175, "FIRST_NAME" : "Alyssa" }
{ "_id" : { "$oid" : "59bcfbefa8167c061ca3ce61" }, "EMPLOYEE_ID" : 176, "FIRST_NAME" : "Jonathon" }
{ "_id" : { "$oid" : "59bcfbefa8167c061ca3ce62" }, "EMPLOYEE_ID" : 177, "FIRST_NAME" : "Jack" }
{ "_id" : { "$oid" : "59bcfbefa8167c061ca3ce63" }, "EMPLOYEE_ID" : 178, "FIRST_NAME" : "Kimberely" }
{ "_id" : { "$oid" : "59bcfbefa8167c061ca3ce64" }, "EMPLOYEE_ID" : 179, "FIRST_NAME" : "Charles" }
{ "_id" : { "$oid" : "59bcfbefa8167c061ca3ce65" }, "EMPLOYEE_ID" : 180, "FIRST_NAME" : "Winston" }
{ "_id" : { "$oid" : "59bcfbefa8167c061ca3ce66" }, "EMPLOYEE_ID" : 181, "FIRST_NAME" : "Jean" }
{ "_id" : { "$oid" : "59bcfbefa8167c061ca3ce67" }, "EMPLOYEE_ID" : 182, "FIRST_NAME" : "Martha" }
{ "_id" : { "$oid" : "59bcfbefa8167c061ca3ce68" }, "EMPLOYEE_ID" : 183, "FIRST_NAME" : "Girard" }
{ "_id" : { "$oid" : "59bcfbefa8167c061ca3ce69" }, "EMPLOYEE_ID" : 184, "FIRST_NAME" : "Nandita" }
{ "_id" : { "$oid" : "59bcfbefa8167c061ca3ce6a" }, "EMPLOYEE_ID" : 185, "FIRST_NAME" : "Alexis" }
{ "_id" : { "$oid" : "59bcfbefa8167c061ca3ce6b" }, "EMPLOYEE_ID" : 186, "FIRST_NAME" : "Julia" }
{ "_id" : { "$oid" : "59bcfbefa8167c061ca3ce6c" }, "EMPLOYEE_ID" : 187, "FIRST_NAME" : "Anthony" }
{ "_id" : { "$oid" : "59bcfbefa8167c061ca3ce6d" }, "EMPLOYEE_ID" : 188, "FIRST_NAME" : "Kelly" }
{ "_id" : { "$oid" : "59bcfbefa8167c061ca3ce6e" }, "EMPLOYEE_ID" : 189, "FIRST_NAME" : "Jennifer" }
{ "_id" : { "$oid" : "59bcfbefa8167c061ca3ce6f" }, "EMPLOYEE_ID" : 190, "FIRST_NAME" : "Timothy" }
{ "_id" : { "$oid" : "59bcfbefa8167c061ca3ce70" }, "EMPLOYEE_ID" : 191, "FIRST_NAME" : "Randall" }
{ "_id" : { "$oid" : "59bcfbefa8167c061ca3ce71" }, "EMPLOYEE_ID" : 192, "FIRST_NAME" : "Sarah" }
{ "_id" : { "$oid" : "59bcfbefa8167c061ca3ce72" }, "EMPLOYEE_ID" : 193, "FIRST_NAME" : "Britney" }
{ "_id" : { "$oid" : "59bcfbefa8167c061ca3ce73" }, "EMPLOYEE_ID" : 194, "FIRST_NAME" : "Samuel" }
{ "_id" : { "$oid" : "59bcfbefa8167c061ca3ce74" }, "EMPLOYEE_ID" : 195, "FIRST_NAME" : "Vance" }
{ "_id" : { "$oid" : "59bcfbefa8167c061ca3ce75" }, "EMPLOYEE_ID" : 196, "FIRST_NAME" : "Alana" }
{ "_id" : { "$oid" : "59bcfbefa8167c061ca3ce76" }, "EMPLOYEE_ID" : 197, "FIRST_NAME" : "Kevin" }
{ "_id" : { "$oid" : "59bcfbefa8167c061ca3ce77" }, "EMPLOYEE_ID" : 198, "FIRST_NAME" : "Donald" }
{ "_id" : { "$oid" : "59bcfbefa8167c061ca3ce78" }, "EMPLOYEE_ID" : 199, "FIRST_NAME" : "Douglas" }
{ "_id" : { "$oid" : "59bcfbefa8167c061ca3ce79" }, "EMPLOYEE_ID" : 200, "FIRST_NAME" : "Jennifer" }
{ "_id" : { "$oid" : "59bcfbefa8167c061ca3ce7a" }, "EMPLOYEE_ID" : 201, "FIRST_NAME" : "Michael" }
{ "_id" : { "$oid" : "59bcfbefa8167c061ca3ce7b" }, "EMPLOYEE_ID" : 202, "FIRST_NAME" : "Pat" }
{ "_id" : { "$oid" : "59bcfbefa8167c061ca3ce7c" }, "EMPLOYEE_ID" : 203, "FIRST_NAME" : "Susan" }
{ "_id" : { "$oid" : "59bcfbefa8167c061ca3ce7d" }, "EMPLOYEE_ID" : 204, "FIRST_NAME" : "Hermann" }
{ "_id" : { "$oid" : "59bcfbefa8167c061ca3ce7e" }, "EMPLOYEE_ID" : 205, "FIRST_NAME" : "Shelley" }
{ "_id" : { "$oid" : "59bcfbefa8167c061ca3ce7f" }, "EMPLOYEE_ID" : 206, "FIRST_NAME" : "William" }
